{
    "type": "application",
    "source-directories": [
        "."
    ],
    "elm-version": "0.19.1",
    "dependencies": {
        "direct": {
            "avh4/elm-color": "1.0.0",
            "cmditch/elm-bigint": "2.0.1",
            "elm/bytes": "1.0.8",
            "elm/core": "1.0.5",
            "elm/json": "1.1.3",
            "elm/regex": "1.0.0",
            "elm-community/list-extra": "8.7.0",
            "elm-community/maybe-extra": "5.3.0",
            "elm-community/result-extra": "2.4.0",
            "elm-community/string-extra": "4.0.1",
            "z5h/jaro-winkler": "1.0.2"
        },
        "indirect": {
            "rtfeldman/elm-hex": "1.0.0"
        }
    },
    "test-dependencies": {
        "direct": {
            "elm-explorations/test": "2.1.1"
        },
        "indirect": {
            "elm/html": "1.0.0",
            "elm/random": "1.0.0",
            "elm/time": "1.0.0",
            "elm/virtual-dom": "1.0.3"
        }
    }
}
